address,latitude,longitude,provider,updated_at
경기도 성남시 분당구 구미동 110,37.3455551,127.1172962,openstreetmap,2026-09-20T11:11:31+00:00
경기도 성남시 분당구 구미동 201,37.3387470223655,127.1144464552005,arcgis,2026-09-20T13:26:43+00:00
경기도 성남시 분당구 구미동 202,37.336799570982,127.1148801348705,arcgis,2026-09-20T13:26:44+00:00
경기도 성남시 분당구 구미동 211,37.335088070172006,127.11627664375851,arcgis,2026-09-20T13:26:45+00:00
경기도 성남시 분당구 구미동 212,37.3352380852845,127.119022219963,arcgis,2026-09-20T13:26:46+00:00
경기도 성남시 분당구 구미동 213,37.3366066405255,127.11822937574149,arcgis,2026-09-20T13:26:45+00:00
경기도 성남시 분당구 구미동 220,37.3396788175865,127.11709090374299,arcgis,2026-09-20T13:26:46+00:00
경기도 성남시 분당구 구미동 221,37.3395487304495,127.118371323272,arcgis,2026-09-20T13:26:47+00:00
경기도 성남시 분당구 구미동 222,37.33846658484,127.1214688975,arcgis,2026-09-20T13:26:47+00:00
경기도 성남시 분당구 구미동 225,37.3400811070295,127.1207864010335,arcgis,2026-09-20T13:26:48+00:00
경기도 성남시 분당구 구미동 240,37.34054116874,127.12351005856101,arcgis,2026-09-20T13:26:48+00:00
경기도 성남시 분당구 구미동 242,37.342297533686505,127.1232596911135,arcgis,2026-09-20T13:26:50+00:00
경기도 성남시 분당구 구미동 243,37.341486752192,127.1247401447615,arcgis,2026-09-20T13:26:50+00:00
경기도 성남시 분당구 구미동 63,37.3474731703045,127.113240802248,arcgis,2026-09-20T13:26:50+00:00
경기도 성남시 분당구 구미동 66,37.3495601,127.1139647,openstreetmap,2026-09-20T11:11:31+00:00
경기도 성남시 분당구 구미동 77,37.350579482666504,127.11660894431,arcgis,2026-09-20T13:26:51+00:00
경기도 성남시 분당구 구미동 88,37.3475237,127.1172677,openstreetmap,2026-09-20T11:11:31+00:00
경기도 성남시 분당구 금곡동 125,37.354878246483494,127.1130260159785,arcgis,2026-09-20T13:26:51+00:00
경기도 성남시 분당구 금곡동 132,37.353185542092504,127.11592938151,arcgis,2026-09-20T13:26:52+00:00
경기도 성남시 분당구 금곡동 133,37.352513418231496,127.11457721289,arcgis,2026-09-20T13:26:53+00:00
경기도 성남시 분당구 금곡동 141,37.3516812628845,127.11210949677599,arcgis,2026-09-20T13:26:54+00:00
경기도 성남시 분당구 금곡동 143,37.352668692988,127.11051647416801,arcgis,2026-09-20T13:26:53+00:00
경기도 성남시 분당구 금곡동 176,37.3528378,127.1072834,openstreetmap,2026-09-20T11:11:31+00:00
경기도 성남시 분당구 금곡동 177,37.352076553437996,127.107826218525,arcgis,2026-09-20T13:26:53+00:00
경기도 성남시 분당구 금곡동 180,37.3544563433875,127.10700361854751,arcgis,2026-09-20T13:26:55+00:00
경기도 성남시 분당구 금곡동 181,37.355836172288,127.107440231884,arcgis,2026-09-20T13:26:56+00:00
경기도 성남시 분당구 금곡동 192,37.355361442247,127.104978927926,arcgis,2026-09-20T13:26:54+00:00
경기도 성남시 분당구 금곡동 201,37.352969016578,127.1049620803,arcgis,2026-09-20T13:26:57+00:00
경기도 성남시 분당구 금곡동 202,37.351973120752504,127.1049184944035,arcgis,2026-09-20T13:26:56+00:00
경기도 성남시 분당구 금곡동 208,37.351685831021,127.105738495991,arcgis,2026-09-20T13:26:58+00:00
경기도 성남시 분당구 대장동 591,37.37508961343,127.0692673265325,arcgis,2026-09-20T13:26:56+00:00
경기도 성남시 분당구 대장동 592,37.3741981,127.0708231,openstreetmap,2026-09-20T11:11:31+00:00
경기도 성남시 분당구 대장동 595,37.3731708491095,127.06873616532849,arcgis,2026-09-20T13:26:59+00:00
경기도 성남시 분당구 대장동 621,37.369579287418,127.06743969445449,arcgis,2026-09-20T13:26:58+00:00
경기도 성남시 분당구 대장동 623,37.3669579,127.0672874,openstreetmap,2026-09-20T11:11:31+00:00
경기도 성남시 분당구 대장동 634,37.3658390098095,127.07034197033849,arcgis,2026-09-20T13:26:58+00:00
경기도 성남시 분당구 대장동 638,37.368055373602004,127.0742860329685,arcgis,2026-09-20T13:27:00+00:00
경기도 성남시 분당구 대장동 641,37.364471397532,127.0733995628885,arcgis,2026-09-20T13:26:59+00:00
경기도 성남시 분당구 대장동 642,37.3636593,127.0707619,openstreetmap,2026-09-20T11:11:31+00:00
경기도 성남시 분당구 백현동 525,37.384661516354,127.107466970155,arcgis,2026-09-20T13:27:00+00:00
경기도 성남시 분당구 백현동 530,37.3941099119345,127.10836446243749,arcgis,2026-09-20T13:27:01+00:00
경기도 성남시 분당구 백현동 531,37.39570358414,127.1082280888725,arcgis,2026-09-20T13:27:01+00:00
경기도 성남시 분당구 백현동 542,37.3932789,127.1149443,openstreetmap,2026-09-20T11:11:31+00:00
경기도 성남시 분당구 백현동 545,37.393077911061,127.11879666294851,arcgis,2026-09-20T13:27:02+00:00
경기도 성남시 분당구 백현동 554,37.389546594298,127.11178021371,arcgis,2026-09-20T13:27:02+00:00
경기도 성남시 분당구 백현동 555,37.3908212093595,127.110536381188,arcgis,2026-09-20T13:27:03+00:00
경기도 성남시 분당구 백현동 556,37.389059815271,127.1098393002105,arcgis,2026-09-20T13:27:04+00:00
경기도 성남시 분당구 백현동 558,37.3874161240585,127.109759085397,arcgis,2026-09-20T13:27:03+00:00
경기도 성남시 분당구 백현동 608,37.383399851333,127.094865072097,arcgis,2026-09-20T13:27:05+00:00
경기도 성남시 분당구 분당동 34,37.3735763,127.1299247,openstreetmap,2026-09-20T11:11:31+00:00
경기도 성남시 분당구 분당동 35,37.3721397,127.1319841,openstreetmap,2026-09-20T11:11:31+00:00
경기도 성남시 분당구 분당동 38,37.3719171,127.1276666,openstreetmap,2026-09-20T11:11:31+00:00
경기도 성남시 분당구 분당동 39,37.3706564,127.1292438,openstreetmap,2026-09-20T11:11:31+00:00
경기도 성남시 분당구 분당동 66,37.3698349564195,127.13916292746501,arcgis,2026-09-20T13:27:06+00:00
경기도 성남시 분당구 삼평동 705,37.4061449209255,127.1139505818085,arcgis,2026-09-20T13:27:07+00:00
경기도 성남시 분당구 삼평동 717,37.4068272,127.1171262,openstreetmap,2026-09-20T11:11:31+00:00
경기도 성남시 분당구 삼평동 718,37.403595439346,127.1176636810965,arcgis,2026-09-20T13:27:05+00:00
경기도 성남시 분당구 삼평동 722,37.4026223003875,127.115292524507,arcgis,2026-09-20T13:27:08+00:00
경기도 성남시 분당구 삼평동 738,37.3971228079855,127.115859183071,arcgis,2026-09-20T13:27:07+00:00
경기도 성남시 분당구 삼평동 740,37.397283132839,127.113532911573,arcgis,2026-09-20T13:27:09+00:00
경기도 성남시 분당구 삼평동 741,37.395522178801,127.113648833294,arcgis,2026-09-20T13:27:10+00:00
경기도 성남시 분당구 삼평동 742,37.3956888529455,127.11497212625801,arcgis,2026-09-20T13:27:11+00:00
경기도 성남시 분당구 삼평동 744,37.3965036,127.1185803,openstreetmap,2026-09-20T11:11:31+00:00
경기도 성남시 분당구 서현동 291,37.3770673,127.13495635000001,openstreetmap,2026-09-20T11:11:31+00:00
경기도 성남시 분당구 서현동 292,37.3763897,127.1376543,openstreetmap,2026-09-20T11:11:31+00:00
경기도 성남시 분당구 서현동 299,37.3752813,127.1327614,openstreetmap,2026-09-20T11:11:31+00:00
경기도 성남시 분당구 서현동 301,37.37439035,127.13492289999999,openstreetmap,2026-09-20T11:11:31+00:00
경기도 성남시 분당구 서현동 307,37.373125021053994,127.137909958669,arcgis,2026-09-20T13:27:09+00:00
경기도 성남시 분당구 서현동 308,37.372549959631996,127.13614628051249,arcgis,2026-09-20T13:27:12+00:00
경기도 성남시 분당구 서현동 310,37.371334541762,127.13775330089851,arcgis,2026-09-20T13:27:13+00:00
경기도 성남시 분당구 서현동 87,37.382451858083996,127.128798536551,arcgis,2026-09-20T13:27:14+00:00
경기도 성남시 분당구 서현동 91,37.381829690366,127.1251561805255,arcgis,2026-09-20T13:27:12+00:00
경기도 성남시 분당구 서현동 92,37.378611521506,127.1294133491485,arcgis,2026-09-20T13:27:13+00:00
경기도 성남시 분당구 서현동 96,37.3797236114645,127.1336618005925,arcgis,2026-09-20T13:27:15+00:00
경기도 성남시 분당구 수내동 1-1,37.3816135,127.1175477,openstreetmap,2026-09-20T11:11:31+00:00
경기도 성남시 분당구 수내동 24,37.374995924707,127.11440525814601,arcgis,2026-09-20T13:27:16+00:00
경기도 성남시 분당구 수내동 27,37.3737778,127.1176548,openstreetmap,2026-09-20T11:11:31+00:00
경기도 성남시 분당구 수내동 29,37.374775962613,127.118445880301,arcgis,2026-09-20T13:27:14+00:00
경기도 성남시 분당구 수내동 32,37.376148205891,127.116908639258,arcgis,2026-09-20T13:27:17+00:00
경기도 성남시 분당구 수내동 34,37.3782223497415,127.11774762585651,arcgis,2026-09-20T13:27:18+00:00
경기도 성남시 분당구 수내동 36,37.3758408,127.1197179,openstreetmap,2026-09-20T11:11:31+00:00
경기도 성남시 분당구 수내동 51,37.37338935,127.12131579999999,openstreetmap,2026-09-20T11:11:31+00:00
경기도 성남시 분당구 수내동 52,37.371646299999995,127.12290405,openstreetmap,2026-09-20T11:11:31+00:00
경기도 성남시 분당구 수내동 54,37.3703371,127.1209508,openstreetmap,2026-09-20T11:11:31+00:00
경기도 성남시 분당구 수내동 55,37.371793,127.1187953,openstreetmap,2026-09-20T11:11:31+00:00
경기도 성남시 분당구 수내동 71,37.3703103,127.1250286,openstreetmap,2026-09-20T11:11:31+00:00
경기도 성남시 분당구 수내동 73,37.3687961,127.1269624,openstreetmap,2026-09-20T11:11:31+00:00
경기도 성남시 분당구 수내동 75,37.3674664,127.12356925,openstreetmap,2026-09-20T11:11:31+00:00
경기도 성남시 분당구 야탑동 147,37.4061304621425,127.1542013609565,arcgis,2026-09-20T13:27:19+00:00
경기도 성남시 분당구 야탑동 156,37.405814652986,127.1470440538355,arcgis,2026-09-20T13:27:17+00:00
경기도 성남시 분당구 야탑동 162,37.4065151,127.144487,openstreetmap,2026-09-20T11:11:31+00:00
경기도 성남시 분당구 야탑동 163,37.406779745316996,127.1433302001765,arcgis,2026-09-20T13:27:18+00:00
경기도 성남시 분당구 야탑동 188,37.4128071299815,127.145802903523,arcgis,2026-09-20T13:27:20+00:00
경기도 성남시 분당구 야탑동 190,37.413425358205004,127.1447668583805,arcgis,2026-09-20T13:27:19+00:00
경기도 성남시 분당구 야탑동 201,37.4156581714825,127.135035049699,arcgis,2026-09-20T13:27:20+00:00
경기도 성남시 분당구 야탑동 205,37.415722921684505,127.13776000642099,arcgis,2026-09-20T13:27:21+00:00
경기도 성남시 분당구 야탑동 211,37.413648274919495,127.14139486064249,arcgis,2026-09-20T13:27:22+00:00
경기도 성남시 분당구 야탑동 215,37.414030322066495,127.136201433435,arcgis,2026-09-20T13:27:23+00:00
경기도 성남시 분당구 야탑동 330,37.415424379248,127.124417315761,arcgis,2026-09-20T13:27:24+00:00
경기도 성남시 분당구 야탑동 334,37.414657623699995,127.13155752380001,arcgis,2026-09-20T13:27:23+00:00
경기도 성남시 분당구 야탑동 391,37.410030079730504,127.13216332585199,arcgis,2026-09-20T13:27:25+00:00
경기도 성남시 분당구 야탑동 510,37.40884288792,127.12637138884801,arcgis,2026-09-20T13:27:24+00:00
경기도 성남시 분당구 야탑동 511,37.408725394592,127.127548040416,arcgis,2026-09-20T13:27:26+00:00
경기도 성남시 분당구 야탑동 517,37.40884944675901,127.132911284982,arcgis,2026-09-20T13:27:27+00:00
경기도 성남시 분당구 야탑동 518,37.408447450683,127.1350575131995,arcgis,2026-09-20T13:27:28+00:00
경기도 성남시 분당구 야탑동 519,37.409136966993,127.13642049447449,arcgis,2026-09-20T13:27:29+00:00
경기도 성남시 분당구 야탑동 525,37.407304745823,127.13061694853499,arcgis,2026-09-20T13:27:30+00:00
경기도 성남시 분당구 야탑동 530,37.406288083831996,127.1275277143005,arcgis,2026-09-20T13:27:31+00:00
경기도 성남시 분당구 야탑동 535,37.4062661,127.1211463,openstreetmap,2026-09-20T11:11:31+00:00
경기도 성남시 분당구 야탑동 536,37.408060961127504,127.12207918387,arcgis,2026-09-20T13:27:32+00:00
경기도 성남시 분당구 운중동 899,37.3908091,127.0689645,openstreetmap,2026-09-20T11:11:31+00:00
경기도 성남시 분당구 운중동 916,37.38390565,127.0722691,openstreetmap,2026-09-20T11:11:31+00:00
경기도 성남시 분당구 운중동 918,37.386477099446,127.0732990638695,arcgis,2026-09-20T13:27:31+00:00
경기도 성남시 분당구 운중동 921,37.389065158734496,127.071344068773,arcgis,2026-09-20T13:27:33+00:00
경기도 성남시 분당구 운중동 922,37.389020839421505,127.074563599692,arcgis,2026-09-20T13:27:34+00:00
경기도 성남시 분당구 운중동 949,37.3911242361135,127.07503956606399,arcgis,2026-09-20T13:27:33+00:00
경기도 성남시 분당구 운중동 956,37.392632224314,127.0717441370115,arcgis,2026-09-20T13:27:35+00:00
경기도 성남시 분당구 운중동 958,37.39260927885449,127.0748688686055,arcgis,2026-09-20T13:27:36+00:00
경기도 성남시 분당구 운중동 988,37.393651652333,127.07412933328851,arcgis,2026-09-20T13:27:37+00:00
경기도 성남시 분당구 운중동 989,37.393619612508004,127.071926736772,arcgis,2026-09-20T13:27:36+00:00
경기도 성남시 분당구 이매동 100,37.4016091,127.1268645,openstreetmap,2026-09-20T11:11:31+00:00
경기도 성남시 분당구 이매동 110,37.39828847926,127.127108367685,arcgis,2026-09-20T13:27:38+00:00
경기도 성남시 분당구 이매동 111,37.395952400936,127.1271605869415,arcgis,2026-09-20T13:27:37+00:00
경기도 성남시 분당구 이매동 116,37.393970919025506,127.126202786866,arcgis,2026-09-20T13:27:39+00:00
경기도 성남시 분당구 이매동 117,37.390087206098,127.12667628057599,arcgis,2026-09-20T13:27:38+00:00
경기도 성남시 분당구 이매동 121,37.3911588,127.1249725,openstreetmap,2026-09-20T11:11:31+00:00
경기도 성남시 분당구 이매동 122,37.3902495,127.1239298,openstreetmap,2026-09-20T11:11:31+00:00
경기도 성남시 분당구 이매동 123,37.391960729096,127.126887420717,arcgis,2026-09-20T13:27:40+00:00
경기도 성남시 분당구 이매동 124,37.3884627,127.1258237,openstreetmap,2026-09-20T11:11:31+00:00
경기도 성남시 분당구 이매동 132,37.4035001161525,127.12150439486,arcgis,2026-09-20T13:27:39+00:00
경기도 성남시 분당구 이매동 133,37.400341207348,127.122051733137,arcgis,2026-09-20T13:27:42+00:00
경기도 성남시 분당구 이매동 140,37.398124759736504,127.1214936660235,arcgis,2026-09-20T13:27:42+00:00
경기도 성남시 분당구 이매동 142,37.395453300511,127.121734100916,arcgis,2026-09-20T13:27:43+00:00
경기도 성남시 분당구 이매동 143,37.393752570447006,127.1222423376155,arcgis,2026-09-20T13:27:42+00:00
경기도 성남시 분당구 이매동 99,37.4043855,127.1269147,openstreetmap,2026-09-20T11:11:31+00:00
경기도 성남시 분당구 정자동 10-1,37.3705328546325,127.1048397464235,arcgis,2026-09-20T13:27:43+00:00
경기도 성남시 분당구 정자동 102,37.3684753,127.1185462,openstreetmap,2026-09-20T11:11:31+00:00
경기도 성남시 분당구 정자동 107,37.3670875,127.1206777,openstreetmap,2026-09-20T11:11:31+00:00
경기도 성남시 분당구 정자동 11,37.3689845285235,127.105367093862,arcgis,2026-09-20T13:27:44+00:00
경기도 성남시 분당구 정자동 110,37.3647931,127.1226718,openstreetmap,2026-09-20T11:11:31+00:00
경기도 성남시 분당구 정자동 111,37.3648222,127.12028,openstreetmap,2026-09-20T11:11:31+00:00
경기도 성남시 분당구 정자동 112,37.3648323,127.1177666,openstreetmap,2026-09-20T11:11:31+00:00
경기도 성남시 분당구 정자동 117,37.3648472,127.1158295,openstreetmap,2026-09-20T11:11:31+00:00
경기도 성남시 분당구 정자동 12-2,37.3703015769695,127.1056095823205,arcgis,2026-09-20T13:27:45+00:00
경기도 성남시 분당구 정자동 12-3,37.369750571609,127.105595961728,arcgis,2026-09-20T13:27:46+00:00
경기도 성남시 분당구 정자동 121,37.3653227893475,127.1128400634565,arcgis,2026-09-20T13:27:47+00:00
경기도 성남시 분당구 정자동 124,37.362812199798995,127.1115535251385,arcgis,2026-09-20T13:27:46+00:00
경기도 성남시 분당구 정자동 125,37.3626477259035,127.1129205297275,arcgis,2026-09-20T13:27:47+00:00
경기도 성남시 분당구 정자동 13-1,37.370444111233,127.10649881842849,arcgis,2026-09-20T13:27:48+00:00
경기도 성남시 분당구 정자동 14-1,37.369722261731496,127.1064923224535,arcgis,2026-09-20T13:27:48+00:00
경기도 성남시 분당구 정자동 14-3,37.3688586532925,127.10649701631951,arcgis,2026-09-20T13:27:49+00:00
경기도 성남시 분당구 정자동 15-4,37.369520593141,127.107497857468,arcgis,2026-09-20T13:27:49+00:00
경기도 성남시 분당구 정자동 169-1,37.360875498206,127.10757727600051,arcgis,2026-09-20T13:27:50+00:00
경기도 성남시 분당구 정자동 170-1,37.360852112696,127.106543577791,arcgis,2026-09-20T13:27:50+00:00
경기도 성남시 분당구 정자동 174-1,37.360889495984,127.105015473024,arcgis,2026-09-20T13:27:51+00:00
경기도 성남시 분당구 정자동 180,37.3589766,127.107015,openstreetmap,2026-09-20T11:11:31+00:00
경기도 성남시 분당구 정자동 181,37.357190478293504,127.10688053029901,arcgis,2026-09-20T13:27:52+00:00
경기도 성남시 분당구 정자동 191,37.362761363556,127.1155325403045,arcgis,2026-09-20T13:27:53+00:00
경기도 성남시 분당구 정자동 192,37.3624419501805,127.11783903051099,arcgis,2026-09-20T13:27:52+00:00
경기도 성남시 분당구 정자동 194,37.360689252317,127.11591249197551,arcgis,2026-09-20T13:27:53+00:00
경기도 성남시 분당구 정자동 197,37.3627214,127.1202031,openstreetmap,2026-09-20T11:11:31+00:00
경기도 성남시 분당구 정자동 198,37.362052212638,127.12181607592899,arcgis,2026-09-20T13:27:54+00:00
경기도 성남시 분당구 정자동 200,37.3601949,127.120084,openstreetmap,2026-09-20T11:11:31+00:00
경기도 성남시 분당구 정자동 215,37.3549251,127.1172248,openstreetmap,2026-09-20T11:11:31+00:00
경기도 성남시 분당구 정자동 28-1,37.3751168,127.1109007,openstreetmap,2026-09-20T11:11:31+00:00
경기도 성남시 분당구 정자동 6,37.3752449,127.1064713,openstreetmap,2026-09-20T11:11:31+00:00
경기도 성남시 분당구 정자동 88,37.367948944386,127.1110742898245,arcgis,2026-09-20T13:27:54+00:00
경기도 성남시 분당구 정자동 9,37.3718683432655,127.10533285378699,arcgis,2026-09-20T13:27:55+00:00
경기도 성남시 분당구 정자동 90,37.367345614996,127.113554117788,arcgis,2026-09-20T13:27:55+00:00
경기도 성남시 분당구 판교동 494,37.399987071938995,127.0933989934125,arcgis,2026-09-20T13:27:56+00:00
경기도 성남시 분당구 판교동 513,37.3983638744795,127.09405911019701,arcgis,2026-09-20T13:27:58+00:00
경기도 성남시 분당구 판교동 585,37.390067349999995,127.0962317,openstreetmap,2026-09-20T11:11:31+00:00
경기도 성남시 분당구 판교동 622,37.391429546937005,127.087470431387,arcgis,2026-09-20T13:27:58+00:00
경기도 성남시 분당구 판교동 623,37.389712933167004,127.08676320830699,arcgis,2026-09-20T13:27:59+00:00
경기도 성남시 분당구 판교동 629,37.388112848804994,127.0856213835465,arcgis,2026-09-20T13:28:00+00:00
경기도 성남시 분당구 판교동 634,37.387100650178,127.0885643535705,arcgis,2026-09-20T13:28:01+00:00
경기도 성남시 분당구 판교동 635,37.3873108264,127.09033306086951,arcgis,2026-09-20T13:28:00+00:00
경기도 성남시 분당구 판교동 637,37.387726338294996,127.0928113800905,arcgis,2026-09-20T13:28:01+00:00
경기도 수원시 영통구 원천동 30-5,37.2780236,127.0451062,openstreetmap,2026-09-20T11:13:46+00:00
경기도 수원시 영통구 원천동 300-3,37.2665432,127.0676488,openstreetmap,2026-09-20T11:13:46+00:00
경기도 수원시 영통구 원천동 333-3,37.264526128892,127.062854122865,arcgis,2026-09-20T13:26:36+00:00
경기도 수원시 영통구 원천동 35,37.2769710758125,127.046807430241,arcgis,2026-09-20T13:26:35+00:00
경기도 수원시 영통구 원천동 548,37.2681676,127.0600717,openstreetmap,2026-09-20T11:13:46+00:00
경기도 수원시 영통구 원천동 589,37.283029515428,127.05669795025949,arcgis,2026-09-20T13:26:35+00:00
경기도 수원시 영통구 원천동 593,37.2740177,127.0613782,openstreetmap,2026-09-20T11:13:46+00:00
경기도 수원시 영통구 원천동 604,37.2712899,127.0620428,openstreetmap,2026-09-20T11:13:46+00:00
경기도 수원시 영통구 원천동 606,37.273192723409,127.0563232372775,arcgis,2026-09-20T13:26:36+00:00
경기도 수원시 영통구 원천동 628,37.263759394299,127.0672479584195,arcgis,2026-09-20T13:26:37+00:00
경기도 수원시 영통구 원천동 632,37.264711012721,127.063847587939,arcgis,2026-09-20T13:26:37+00:00
경기도 수원시 영통구 원천동 71-1,37.275264,127.0464271,openstreetmap,2026-09-20T11:13:46+00:00
경기도 수원시 영통구 원천동 96-1,37.273653288034,127.052605863219,arcgis,2026-09-20T13:26:38+00:00
경기도 수원시 영통구 이의동 1182,37.3072976,127.0405961,openstreetmap,2026-09-20T11:13:46+00:00
경기도 수원시 영통구 이의동 1184,37.307663991725,127.043926318662,arcgis,2026-09-20T13:26:39+00:00
경기도 수원시 영통구 이의동 1200,37.3067969047965,127.0462195654615,arcgis,2026-09-20T13:26:38+00:00
경기도 수원시 영통구 이의동 1211,37.304558,127.0492045,openstreetmap,2026-09-20T11:13:46+00:00
경기도 수원시 영통구 이의동 1226,37.3071021,127.0530472,openstreetmap,2026-09-20T11:13:46+00:00
경기도 수원시 영통구 이의동 1229,37.3035924,127.0496985,openstreetmap,2026-09-20T11:13:46+00:00
경기도 수원시 영통구 이의동 1252,37.3023427,127.0393471,openstreetmap,2026-09-20T11:13:46+00:00
경기도 수원시 영통구 이의동 1253,37.3015421,127.041904,openstreetmap,2026-09-20T11:13:46+00:00
경기도 수원시 영통구 이의동 1303,37.2924127,127.059077,openstreetmap,2026-09-20T11:13:46+00:00
경기도 수원시 영통구 이의동 1304,37.2914500382225,127.061570979218,arcgis,2026-09-20T13:26:39+00:00
경기도 수원시 영통구 이의동 1326,37.2917293,127.0543951,openstreetmap,2026-09-20T11:13:46+00:00
경기도 수원시 영통구 이의동 1331,37.2918981,127.0483464,openstreetmap,2026-09-20T11:13:46+00:00
경기도 수원시 영통구 이의동 1332,37.290527421185,127.0509482999565,arcgis,2026-09-20T13:26:40+00:00
경기도 수원시 영통구 이의동 1334,37.28925054301,127.0588457710385,arcgis,2026-09-20T13:26:41+00:00
경기도 수원시 영통구 이의동 1339,37.2849258,127.054433,openstreetmap,2026-09-20T11:13:46+00:00
경기도 수원시 영통구 이의동 1344,37.2876364,127.0506498,openstreetmap,2026-09-20T11:13:46+00:00
경기도 수원시 영통구 이의동 1353,37.2873895,127.0482395,openstreetmap,2026-09-20T11:13:46+00:00
경기도 수원시 영통구 이의동 1358,37.2862768,127.0443681,openstreetmap,2026-09-20T11:13:46+00:00
경기도 수원시 영통구 이의동 1367,37.285187834541006,127.05042539492749,arcgis,2026-09-20T13:26:40+00:00
경기도 수원시 영통구 이의동 1370,37.2836642979105,127.0533011001785,arcgis,2026-09-20T13:26:41+00:00
경기도 수원시 영통구 하동 1001,37.2955676,127.0834435,openstreetmap,2026-09-20T11:13:46+00:00
경기도 수원시 영통구 하동 1013,37.2895091875875,127.06303093911299,arcgis,2026-09-20T13:26:42+00:00
경기도 수원시 영통구 하동 1021,37.2853593,127.0647493,openstreetmap,2026-09-20T11:13:46+00:00
경기도 수원시 영통구 하동 1027,37.280950070024,127.071361880317,arcgis,2026-09-20T13:26:42+00:00
경기도 수원시 영통구 하동 1028,37.2799922489935,127.0692690448225,arcgis,2026-09-20T13:26:43+00:00
경기도 수원시 영통구 하동 1032,37.277270414529994,127.0682248692345,arcgis,2026-09-20T13:26:44+00:00
경기도 수원시 영통구 하동 994,37.2907853,127.0731694,openstreetmap,2026-09-20T11:13:46+00:00
경기도 용인시 수지구 동천동 176-1,37.341664259946995,127.10044888644501,arcgis,2026-09-20T13:28:02+00:00
경기도 용인시 수지구 동천동 177-12,37.3422891,127.0999744,openstreetmap,2026-09-20T11:11:19+00:00
경기도 용인시 수지구 동천동 181-1,37.341157490081,127.101650977089,arcgis,2026-09-20T13:28:02+00:00
경기도 용인시 수지구 동천동 185-11,37.340406848742,127.101780393674,arcgis,2026-09-20T13:28:03+00:00
경기도 용인시 수지구 동천동 325-37,37.3396876,127.1005226,openstreetmap,2026-09-20T11:11:19+00:00
경기도 용인시 수지구 동천동 400-1,37.339343813871494,127.092782755891,arcgis,2026-09-20T13:28:04+00:00
경기도 용인시 수지구 동천동 858,37.338164040045,127.093669058333,arcgis,2026-09-20T13:28:03+00:00
경기도 용인시 수지구 동천동 859,37.3398269,127.0990662,openstreetmap,2026-09-20T11:11:19+00:00
경기도 용인시 수지구 동천동 BL-,37.34289581298,127.093371752227,arcgis-verified-road-address,2026-09-20T13:31:00+00:00
경기도 용인시 수지구 동천동 862,37.3387059,127.0959736,openstreetmap,2026-09-20T11:11:19+00:00
경기도 용인시 수지구 동천동 864,37.337211897753505,127.0939263827605,arcgis,2026-09-20T13:28:05+00:00
경기도 용인시 수지구 동천동 868,37.3369372227865,127.0968632759045,arcgis,2026-09-20T13:28:06+00:00
경기도 용인시 수지구 동천동 869,37.335747600223996,127.09444145071049,arcgis,2026-09-20T13:28:04+00:00
경기도 용인시 수지구 동천동 870,37.335738610632504,127.0968854460385,arcgis,2026-09-20T13:28:07+00:00
경기도 용인시 수지구 동천동 910,37.342321,127.1014871,openstreetmap,2026-09-20T11:11:19+00:00
경기도 용인시 수지구 동천동 911,37.3406436165515,127.10070013399249,arcgis,2026-09-20T13:28:05+00:00
경기도 용인시 수지구 동천동 912,37.3424116113885,127.098717185249,arcgis,2026-09-20T13:28:06+00:00
경기도 용인시 수지구 동천동 913,37.340045672534,127.09756634994301,arcgis,2026-09-20T13:28:07+00:00
경기도 용인시 수지구 동천동 914,37.3411955,127.0972458,openstreetmap,2026-09-20T11:11:19+00:00
경기도 용인시 수지구 동천동 917,37.3386785212615,127.086103594436,arcgis,2026-09-20T13:28:08+00:00
경기도 용인시 수지구 동천동 923,37.3360809904225,127.0858880957055,arcgis,2026-09-20T13:28:09+00:00
경기도 용인시 수지구 동천동 930,37.3316656,127.0901755,openstreetmap,2026-09-20T11:11:19+00:00
경기도 용인시 수지구 동천동 932,37.334491634897,127.0894692638375,arcgis,2026-09-20T13:28:08+00:00
경기도 용인시 수지구 동천동 935,37.3367356799245,127.08803725758949,arcgis,2026-09-20T13:28:10+00:00
경기도 용인시 수지구 동천동 938,37.336485040065,127.09040397177,arcgis,2026-09-20T13:28:11+00:00
경기도 용인시 수지구 동천동 969,37.341481785915,127.099425581796,arcgis,2026-09-20T13:28:09+00:00
경기도 용인시 수지구 동천동 가-,37.3457588,127.0904499,openstreetmap,2026-09-20T11:11:19+00:00
경기도 용인시 수지구 동천동 산151-2,37.3332794859695,127.0910603586075,arcgis,2026-09-20T13:28:11+00:00
경기도 용인시 수지구 상현동 1,37.3129362088225,127.087044169701,arcgis,2026-09-20T13:28:13+00:00
경기도 용인시 수지구 상현동 108-1,37.308718037004,127.076413150447,arcgis,2026-09-20T13:28:14+00:00
경기도 용인시 수지구 상현동 1099,37.3084202,127.0739899,openstreetmap,2026-09-20T11:11:19+00:00
경기도 용인시 수지구 상현동 1107,37.300475420104505,127.0734959128655,arcgis,2026-09-20T13:28:15+00:00
경기도 용인시 수지구 상현동 1108,37.3007823234895,127.07589259234999,arcgis,2026-09-20T13:28:13+00:00
경기도 용인시 수지구 상현동 1113,37.297486978256,127.064508123819,arcgis,2026-09-20T13:28:16+00:00
경기도 용인시 수지구 상현동 1115,37.2975822,127.0670367,openstreetmap,2026-09-20T11:11:19+00:00
경기도 용인시 수지구 상현동 1134,37.2968297,127.0716807,openstreetmap,2026-09-20T11:11:19+00:00
경기도 용인시 수지구 상현동 1201,37.3108768,127.0844559,openstreetmap,2026-09-20T11:11:19+00:00
경기도 용인시 수지구 상현동 1203,37.312895053678005,127.0904755113135,arcgis,2026-09-20T13:28:17+00:00
경기도 용인시 수지구 상현동 1204,37.3027522174185,127.0842408840935,arcgis,2026-09-20T13:28:15+00:00
경기도 용인시 수지구 상현동 1206,37.3053942,127.0734578,openstreetmap,2026-09-20T11:11:19+00:00
경기도 용인시 수지구 상현동 1214,37.3076396422965,127.0886650621375,arcgis,2026-09-20T13:28:16+00:00
경기도 용인시 수지구 상현동 1219,37.3025188,127.074688,openstreetmap,2026-09-20T11:11:19+00:00
경기도 용인시 수지구 상현동 168-1,37.307105484561504,127.0737142614435,arcgis,2026-09-20T13:28:17+00:00
경기도 용인시 수지구 상현동 192-1,37.308034346117,127.076152724715,arcgis,2026-09-20T13:28:18+00:00
경기도 용인시 수지구 상현동 192-5,37.307818533065,127.0757548357715,arcgis,2026-09-20T13:28:19+00:00
경기도 용인시 수지구 상현동 194,37.3069609805505,127.07584733007249,arcgis,2026-09-20T13:28:18+00:00
경기도 용인시 수지구 상현동 194-2,37.306954966535,127.075621814968,arcgis,2026-09-20T13:28:20+00:00
경기도 용인시 수지구 상현동 30,37.3126398666355,127.09209376345049,arcgis,2026-09-20T13:28:21+00:00
경기도 용인시 수지구 상현동 32-11,37.31081634169,127.091973818416,arcgis,2026-09-20T13:28:20+00:00
경기도 용인시 수지구 상현동 32-2,37.311136488482,127.091545251706,arcgis,2026-09-20T13:28:21+00:00
경기도 용인시 수지구 상현동 32-3,37.311391549796,127.092587373728,arcgis,2026-09-20T13:28:22+00:00
경기도 용인시 수지구 상현동 32-9,37.311097470723,127.092361481438,arcgis,2026-09-20T13:28:23+00:00
경기도 용인시 수지구 상현동 33,37.3109706944375,127.09190240460049,arcgis,2026-09-20T13:28:22+00:00
경기도 용인시 수지구 상현동 34-4,37.310383667848,127.091349366629,arcgis,2026-09-20T13:28:23+00:00
경기도 용인시 수지구 상현동 824,37.30283132163,127.07748846480499,arcgis,2026-09-20T13:28:24+00:00
경기도 용인시 수지구 상현동 825,37.3042397,127.0774937,openstreetmap,2026-09-20T11:11:19+00:00
경기도 용인시 수지구 상현동 827,37.304583726127,127.079105292018,arcgis,2026-09-20T13:28:25+00:00
경기도 용인시 수지구 상현동 828,37.3018073045195,127.07701149260501,arcgis,2026-09-20T13:28:24+00:00
경기도 용인시 수지구 상현동 831,37.3020994347995,127.0785512063085,arcgis,2026-09-20T13:28:26+00:00
경기도 용인시 수지구 상현동 832,37.3029093,127.0801526,openstreetmap,2026-09-20T11:11:19+00:00
경기도 용인시 수지구 상현동 837,37.3028313,127.0821603,openstreetmap,2026-09-20T11:11:19+00:00
경기도 용인시 수지구 상현동 838,37.304244657189,127.082380604503,arcgis,2026-09-20T13:28:25+00:00
경기도 용인시 수지구 상현동 840,37.3054726,127.0805941,openstreetmap,2026-09-20T11:11:19+00:00
경기도 용인시 수지구 상현동 842,37.306902,127.0822383,openstreetmap,2026-09-20T11:11:19+00:00
경기도 용인시 수지구 상현동 843,37.3092345298775,127.08390510505251,arcgis,2026-09-20T13:28:27+00:00
경기도 용인시 수지구 상현동 85-6,37.30931615,127.08149829999999,openstreetmap,2026-09-20T11:11:19+00:00
경기도 용인시 수지구 상현동 850,37.306107350000005,127.08832645000001,openstreetmap,2026-09-20T11:11:19+00:00
경기도 용인시 수지구 상현동 851,37.30453745,127.08473705,openstreetmap,2026-09-20T11:11:19+00:00
경기도 용인시 수지구 상현동 852,37.3073036327525,127.086780433118,arcgis,2026-09-20T13:28:26+00:00
경기도 용인시 수지구 상현동 853,37.3016629681465,127.0733029614545,arcgis,2026-09-20T13:28:28+00:00
경기도 용인시 수지구 상현동 855,37.3038806,127.08330445,openstreetmap,2026-09-20T11:11:19+00:00
경기도 용인시 수지구 상현동 856,37.3103079,127.0882622,openstreetmap,2026-09-20T11:11:19+00:00
경기도 용인시 수지구 상현동 857,37.311639633175005,127.085870493709,arcgis,2026-09-20T13:28:29+00:00
경기도 용인시 수지구 상현동 858,37.3086208,127.08689815,openstreetmap,2026-09-20T11:11:19+00:00
경기도 용인시 수지구 상현동 859,37.3118443,127.089729,openstreetmap,2026-09-20T11:11:19+00:00
경기도 용인시 수지구 상현동 860,37.3080816,127.0804335,openstreetmap,2026-09-20T11:11:19+00:00
경기도 용인시 수지구 상현동 861,37.305084300000004,127.08728310000001,openstreetmap,2026-09-20T11:11:19+00:00
경기도 용인시 수지구 상현동 864,37.3093436832115,127.0905491882425,arcgis,2026-09-20T13:28:27+00:00
경기도 용인시 수지구 상현동 866,37.2999729878735,127.0775553523925,arcgis,2026-09-20T13:28:28+00:00
경기도 용인시 수지구 상현동 867,37.306590605204505,127.078163166101,arcgis,2026-09-20T13:28:30+00:00
경기도 용인시 수지구 상현동 869,37.304265381444,127.0907564727085,arcgis,2026-09-20T13:28:29+00:00
경기도 용인시 수지구 상현동 96-1,37.309558574254496,127.079575810153,arcgis,2026-09-20T13:28:30+00:00
경기도 용인시 수지구 상현동 96-3,37.3100693045695,127.08063444452401,arcgis,2026-09-20T13:28:31+00:00
경기도 용인시 수지구 상현동 99,37.309298169478,127.077891089524,arcgis,2026-09-20T13:28:32+00:00
경기도 용인시 수지구 성복동 155,37.317464196736495,127.0769144301665,arcgis,2026-09-20T13:28:31+00:00
경기도 용인시 수지구 성복동 167,37.3151941,127.0730788,openstreetmap,2026-09-20T11:11:19+00:00
경기도 용인시 수지구 성복동 168-10,37.315687400902,127.071276468724,arcgis,2026-09-20T13:28:33+00:00
경기도 용인시 수지구 성복동 500-12,37.315379785055,127.059614726836,arcgis,2026-09-20T13:28:32+00:00
경기도 용인시 수지구 성복동 723,37.3145023883855,127.0673257005715,arcgis,2026-09-20T13:28:34+00:00
경기도 용인시 수지구 성복동 726,37.3185998398435,127.0730331899005,arcgis,2026-09-20T13:28:33+00:00
경기도 용인시 수지구 성복동 731,37.3189023636835,127.069625694803,arcgis,2026-09-20T13:28:34+00:00
경기도 용인시 수지구 성복동 741,37.3164053,127.0796534,openstreetmap,2026-09-20T11:11:19+00:00
경기도 용인시 수지구 성복동 752,37.3200556,127.068398,openstreetmap,2026-09-20T11:11:19+00:00
경기도 용인시 수지구 성복동 753,37.3144422,127.0623748,openstreetmap,2026-09-20T11:11:19+00:00
경기도 용인시 수지구 성복동 754,37.315270799359,127.06064959851099,arcgis,2026-09-20T13:28:35+00:00
경기도 용인시 수지구 성복동 758,37.317374929468,127.065101981659,arcgis,2026-09-20T13:28:35+00:00
경기도 용인시 수지구 성복동 759,37.318931805118496,127.0630865530405,arcgis,2026-09-20T13:28:36+00:00
경기도 용인시 수지구 성복동 760,37.3211186017475,127.062837568607,arcgis,2026-09-20T13:28:36+00:00
경기도 용인시 수지구 성복동 762,37.3205796,127.0670075,openstreetmap,2026-09-20T11:11:19+00:00
경기도 용인시 수지구 성복동 767,37.31729337355,127.05833476831151,arcgis,2026-09-20T13:28:37+00:00
경기도 용인시 수지구 성복동 771,37.314850886965004,127.06942071536099,arcgis,2026-09-20T13:28:38+00:00
경기도 용인시 수지구 성복동 780,37.32256665934,127.0608573439815,arcgis,2026-09-20T13:28:37+00:00
경기도 용인시 수지구 성복동 789,37.3124799,127.0836203,openstreetmap,2026-09-20T11:11:19+00:00
경기도 용인시 수지구 성복동 814,37.3110348,127.0749541,openstreetmap,2026-09-20T11:11:19+00:00
경기도 용인시 수지구 성복동 819,37.3124704,127.0724204,openstreetmap,2026-09-20T11:11:19+00:00
경기도 용인시 수지구 성복동 84,37.314128262137004,127.078204656522,arcgis,2026-09-20T13:28:41+00:00
경기도 용인시 수지구 성복동 90,37.3125873540125,127.07711664358,arcgis,2026-09-20T13:28:41+00:00
경기도 용인시 수지구 신봉동 1025,37.3331426,127.0679257,openstreetmap,2026-09-20T11:11:19+00:00
경기도 용인시 수지구 신봉동 1034,37.3264795,127.0699819,openstreetmap,2026-09-20T11:11:19+00:00
경기도 용인시 수지구 신봉동 772-13,37.325152581243,127.072033522218,arcgis,2026-09-20T13:28:41+00:00
경기도 용인시 수지구 신봉동 870,37.326328059344505,127.07392573685999,arcgis,2026-09-20T13:28:41+00:00
경기도 용인시 수지구 신봉동 871,37.325522893726,127.074987472536,arcgis,2026-09-20T13:28:42+00:00
경기도 용인시 수지구 신봉동 873,37.32585881945,127.0779595277635,arcgis,2026-09-20T13:28:43+00:00
경기도 용인시 수지구 신봉동 874,37.324599166086,127.081088827495,arcgis,2026-09-20T13:28:44+00:00
경기도 용인시 수지구 신봉동 876,37.3242270095855,127.0829968420245,arcgis,2026-09-20T13:28:43+00:00
경기도 용인시 수지구 신봉동 880,37.323169381043,127.081395186056,arcgis,2026-09-20T13:28:44+00:00
경기도 용인시 수지구 신봉동 893,37.320651604012,127.0822011060465,arcgis,2026-09-20T13:28:45+00:00
경기도 용인시 수지구 신봉동 905,37.319938765056506,127.080139702689,arcgis,2026-09-20T13:28:45+00:00
경기도 용인시 수지구 신봉동 911,37.3290870885035,127.07545664956601,arcgis,2026-09-20T13:28:46+00:00
경기도 용인시 수지구 신봉동 912,37.3210995329175,127.0785900983395,arcgis,2026-09-20T13:28:46+00:00
경기도 용인시 수지구 신봉동 946,37.3328720207015,127.06438201808601,arcgis,2026-09-20T13:28:47+00:00
경기도 용인시 수지구 신봉동 949,37.330541411568504,127.0670159054305,arcgis,2026-09-20T13:28:48+00:00
경기도 용인시 수지구 신봉동 959,37.3286228148865,127.0702454527235,arcgis,2026-09-20T13:28:49+00:00
경기도 용인시 수지구 신봉동 960,37.3276628,127.0710277,openstreetmap,2026-09-20T11:11:19+00:00
경기도 용인시 수지구 신봉동 965,37.3281562,127.0674574,openstreetmap,2026-09-20T11:11:19+00:00
경기도 용인시 수지구 신봉동 971-3,37.3272827,127.0685206,openstreetmap,2026-09-20T11:11:19+00:00
경기도 용인시 수지구 신봉동 976,37.3288289,127.0653146,openstreetmap,2026-09-20T11:11:19+00:00
경기도 용인시 수지구 신봉동 985,37.3265559213825,127.066871066143,arcgis,2026-09-20T13:28:47+00:00
경기도 용인시 수지구 신봉동 987,37.3258382,127.0683562,openstreetmap,2026-09-20T11:11:19+00:00
경기도 용인시 수지구 죽전동 1003-162,37.329768998236,127.106697553353,arcgis,2026-09-20T13:28:48+00:00
경기도 용인시 수지구 죽전동 1003-450,37.329435021304,127.105860536502,arcgis,2026-09-20T13:28:50+00:00
경기도 용인시 수지구 죽전동 1003-499,37.329419095688,127.106710293846,arcgis,2026-09-20T13:28:49+00:00
경기도 용인시 수지구 죽전동 1003-60,37.328869766709005,127.11086071893149,arcgis,2026-09-20T13:28:50+00:00
경기도 용인시 수지구 죽전동 1003-602,37.32981371569,127.105864643634,arcgis,2026-09-20T13:28:51+00:00
경기도 용인시 수지구 죽전동 1003-8,37.3289863170725,127.1099729496565,arcgis,2026-09-20T13:28:52+00:00
경기도 용인시 수지구 죽전동 1088-2,37.3275753,127.1135374,openstreetmap,2026-09-20T11:11:19+00:00
경기도 용인시 수지구 죽전동 1110,37.330797143434495,127.1150678475925,arcgis,2026-09-20T13:28:53+00:00
경기도 용인시 수지구 죽전동 1111,37.3150136,127.0662539,openstreetmap,2026-09-20T11:11:19+00:00
경기도 용인시 수지구 죽전동 1112,37.3323743452005,127.116535896024,arcgis,2026-09-20T13:28:51+00:00
경기도 용인시 수지구 죽전동 1113,37.333014554965,127.12830601592,arcgis,2026-09-20T13:28:54+00:00
경기도 용인시 수지구 죽전동 1114,37.332662473122,127.12829218578,arcgis,2026-09-20T13:28:53+00:00
경기도 용인시 수지구 죽전동 1115,37.328705292814,127.116317840813,arcgis,2026-09-20T13:28:55+00:00
경기도 용인시 수지구 죽전동 1116,37.325704550522005,127.1167734810695,arcgis,2026-09-20T13:28:56+00:00
경기도 용인시 수지구 죽전동 1118,37.3328754782365,127.114642633644,arcgis,2026-09-20T13:28:57+00:00
경기도 용인시 수지구 죽전동 1119,37.3287179704425,127.12585179467,arcgis,2026-09-20T13:28:58+00:00
경기도 용인시 수지구 죽전동 1151,37.3323336,127.1112499,openstreetmap,2026-09-20T11:11:19+00:00
경기도 용인시 수지구 죽전동 1152,37.3322915,127.1123431,openstreetmap,2026-09-20T11:11:19+00:00
경기도 용인시 수지구 죽전동 1153,37.3344561165825,127.1113565085045,arcgis,2026-09-20T13:28:59+00:00
경기도 용인시 수지구 죽전동 1154,37.3344484052315,127.112183718529,arcgis,2026-09-20T13:29:00+00:00
경기도 용인시 수지구 죽전동 1165,37.3335409803935,127.1213867548485,arcgis,2026-09-20T13:28:58+00:00
경기도 용인시 수지구 죽전동 1182,37.333696820928495,127.12530692905449,arcgis,2026-09-20T13:28:59+00:00
경기도 용인시 수지구 죽전동 1194,37.331130093583496,127.1246363348905,arcgis,2026-09-20T13:29:00+00:00
경기도 용인시 수지구 죽전동 1198,37.3312701,127.1226623,openstreetmap,2026-09-20T11:11:19+00:00
경기도 용인시 수지구 죽전동 1211,37.330998204337,127.119824535735,arcgis,2026-09-20T13:29:01+00:00
경기도 용인시 수지구 죽전동 1213,37.330401999564,127.1197674130645,arcgis,2026-09-20T13:29:02+00:00
경기도 용인시 수지구 죽전동 1216,37.3304476,127.1217862,openstreetmap,2026-09-20T11:11:19+00:00
경기도 용인시 수지구 죽전동 1221,37.3304362,127.1268745,openstreetmap,2026-09-20T11:11:19+00:00
경기도 용인시 수지구 죽전동 1222,37.330619216585,127.127621717345,arcgis,2026-09-20T13:29:01+00:00
경기도 용인시 수지구 죽전동 1223,37.3304289054735,127.127514848079,arcgis,2026-09-20T13:29:03+00:00
경기도 용인시 수지구 죽전동 1235,37.327043119504495,127.12188950140151,arcgis,2026-09-20T13:29:04+00:00
경기도 용인시 수지구 죽전동 1261,37.3262497514145,127.1196883298085,arcgis,2026-09-20T13:29:02+00:00
경기도 용인시 수지구 죽전동 1262,37.325132,127.1190123,openstreetmap,2026-09-20T11:11:19+00:00
경기도 용인시 수지구 죽전동 1269,37.3240066912605,127.116085829733,arcgis,2026-09-20T13:29:05+00:00
경기도 용인시 수지구 죽전동 1275,37.3240612,127.114805,openstreetmap,2026-09-20T11:11:19+00:00
경기도 용인시 수지구 죽전동 13-1,37.330807557949,127.135407541476,arcgis,2026-09-20T13:29:03+00:00
경기도 용인시 수지구 죽전동 1300,37.322689600905,127.115032978875,arcgis,2026-09-20T13:29:04+00:00
경기도 용인시 수지구 죽전동 1302,37.3215517785035,127.114042824653,arcgis,2026-09-20T13:29:06+00:00
경기도 용인시 수지구 죽전동 1303,37.3214028530385,127.116190226337,arcgis,2026-09-20T13:29:07+00:00
경기도 용인시 수지구 죽전동 1304,37.3225394391095,127.11822325695249,arcgis,2026-09-20T13:29:08+00:00
경기도 용인시 수지구 죽전동 1306,37.323069992625506,127.11965350300099,arcgis,2026-09-20T13:29:06+00:00
경기도 용인시 수지구 죽전동 1307,37.323945,127.120674,openstreetmap,2026-09-20T11:11:19+00:00
경기도 용인시 수지구 죽전동 1311,37.3225965,127.1213276,openstreetmap,2026-09-20T11:11:19+00:00
경기도 용인시 수지구 죽전동 1329,37.324656917399,127.1233013072625,arcgis,2026-09-20T13:29:07+00:00
경기도 용인시 수지구 죽전동 1355,37.3277657,127.1317007,openstreetmap,2026-09-20T11:11:19+00:00
경기도 용인시 수지구 죽전동 1373,37.3309207765065,127.1289752270695,arcgis,2026-09-20T13:29:09+00:00
경기도 용인시 수지구 죽전동 1380,37.3332239,127.1327801,openstreetmap,2026-09-20T11:11:19+00:00
경기도 용인시 수지구 죽전동 1381,37.3330643,127.130726,openstreetmap,2026-09-20T11:11:19+00:00
경기도 용인시 수지구 죽전동 1385,37.332954519583,127.1288122409625,arcgis,2026-09-20T13:29:08+00:00
경기도 용인시 수지구 죽전동 1481,37.3335647221345,127.1058444432475,arcgis,2026-09-20T13:29:09+00:00
경기도 용인시 수지구 죽전동 1483,37.3304921469325,127.11743866890549,arcgis,2026-09-20T13:29:10+00:00
경기도 용인시 수지구 죽전동 1488,37.3265653,127.1125985,openstreetmap,2026-09-20T11:11:19+00:00
경기도 용인시 수지구 죽전동 1492,37.331146941209,127.109839425939,arcgis,2026-09-20T13:29:10+00:00
경기도 용인시 수지구 죽전동 172-1,37.3303809,127.1250344,openstreetmap,2026-09-20T11:11:19+00:00
경기도 용인시 수지구 죽전동 222-10,37.331204650612,127.121141584181,arcgis,2026-09-20T13:29:11+00:00
경기도 용인시 수지구 죽전동 223-1,37.331450869018,127.121773244404,arcgis,2026-09-20T13:29:12+00:00
경기도 용인시 수지구 죽전동 331,37.3290136,127.1181327,openstreetmap,2026-09-20T11:11:19+00:00
경기도 용인시 수지구 죽전동 339,37.3276407072915,127.11610787413849,arcgis,2026-09-20T13:29:11+00:00
경기도 용인시 수지구 죽전동 414,37.3247738,127.1144836,openstreetmap,2026-09-20T11:11:19+00:00
경기도 용인시 수지구 죽전동 429,37.32631674377549,127.11475830390799,arcgis,2026-09-20T13:29:12+00:00
경기도 용인시 수지구 죽전동 453-1,37.3278910328295,127.11257498576899,arcgis,2026-09-20T13:29:13+00:00
경기도 용인시 수지구 죽전동 454,37.3285028,127.1123588,openstreetmap,2026-09-20T11:11:19+00:00
경기도 용인시 수지구 죽전동 488,37.3294356080375,127.1143690902345,arcgis,2026-09-20T13:29:13+00:00
경기도 용인시 수지구 죽전동 501,37.3305093,127.1103842,openstreetmap,2026-09-20T11:11:19+00:00
경기도 용인시 수지구 죽전동 51-1,37.332887401494,127.129346713018,arcgis,2026-09-20T13:29:14+00:00
경기도 용인시 수지구 죽전동 53,37.3334952,127.1305426,openstreetmap,2026-09-20T11:11:19+00:00
경기도 용인시 수지구 죽전동 55,37.333808321196,127.131625668673,arcgis,2026-09-20T13:29:15+00:00
경기도 용인시 수지구 죽전동 78,37.330314995409,127.13058727659799,arcgis,2026-09-20T13:29:14+00:00
경기도 용인시 수지구 죽전동 78-1,37.3302147268925,127.1301216618765,arcgis,2026-09-20T13:29:16+00:00
경기도 용인시 수지구 죽전동 79,37.330566578233004,127.1297698734,arcgis,2026-09-20T13:29:15+00:00
경기도 용인시 수지구 죽전동 832,37.336314929340006,127.10524618490851,arcgis,2026-09-20T13:29:17+00:00
경기도 용인시 수지구 죽전동 832-1,37.335638656437496,127.1056193891475,arcgis,2026-09-20T13:29:16+00:00
경기도 용인시 수지구 죽전동 855,37.335339464403,127.106902365157,arcgis,2026-09-20T13:29:17+00:00
경기도 용인시 수지구 죽전동 857,37.330878678398,127.105614024729,arcgis,2026-09-20T13:29:18+00:00
경기도 용인시 수지구 죽전동 857-2,37.330180298225,127.105869421319,arcgis,2026-09-20T13:29:19+00:00
경기도 용인시 수지구 죽전동 858-1,37.33145585625,127.105616790757,arcgis,2026-09-20T13:29:18+00:00
경기도 용인시 수지구 죽전동 858-11,37.331020835476,127.104814810262,arcgis,2026-09-20T13:29:20+00:00
경기도 용인시 수지구 죽전동 858-6,37.3315114282685,127.105333189063,arcgis,2026-09-20T13:29:21+00:00
경기도 용인시 수지구 죽전동 871-11,37.331981527308,127.105785099373,arcgis,2026-09-20T13:29:19+00:00
경기도 용인시 수지구 죽전동 871-12,37.331987813735,127.106538716288,arcgis,2026-09-20T13:29:20+00:00
경기도 용인시 수지구 죽전동 871-8,37.332532008799,127.105277407498,arcgis,2026-09-20T13:29:21+00:00
경기도 용인시 수지구 죽전동 883-1,37.33223055,127.11020265,openstreetmap,2026-09-20T11:11:19+00:00
경기도 용인시 수지구 죽전동 89-1,37.3320214880315,127.12940161448401,arcgis,2026-09-20T13:29:22+00:00
경기도 용인시 수지구 죽전동 893-8,37.331544662514,127.106214420454,arcgis,2026-09-20T13:29:23+00:00
경기도 용인시 수지구 죽전동 895-2,37.330174514712,127.1062421226435,arcgis,2026-09-20T13:29:22+00:00
경기도 용인시 수지구 죽전동 895-5,37.331056039469,127.106366551996,arcgis,2026-09-20T13:29:23+00:00
경기도 용인시 수지구 죽전동 895-8,37.330242827223,127.106446096258,arcgis,2026-09-20T13:29:24+00:00
경기도 용인시 수지구 죽전동 93,37.331378742740995,127.13088378642249,arcgis,2026-09-20T13:29:25+00:00
경기도 용인시 수지구 죽전동 94,37.331403595084,127.130868531359,arcgis,2026-09-20T13:29:24+00:00
경기도 용인시 수지구 죽전동 94-1,37.331060020873,127.130699971286,arcgis,2026-09-20T13:29:25+00:00
경기도 용인시 수지구 죽전동 941,37.334744244504,127.10733495518,arcgis,2026-09-20T13:29:26+00:00
경기도 용인시 수지구 죽전동 947-1,37.334643305435,127.1055953749945,arcgis,2026-09-20T13:29:26+00:00
경기도 용인시 수지구 죽전동 951,37.33465107965,127.105385701687,arcgis,2026-09-20T13:29:27+00:00
경기도 용인시 수지구 죽전동 952,37.334168763987,127.105313994505,arcgis,2026-09-20T13:29:27+00:00
경기도 용인시 수지구 죽전동 96,37.3302781988545,127.131111397003,arcgis,2026-09-20T13:29:28+00:00
경기도 용인시 수지구 죽전동 96-2,37.3302196512605,127.1315844716185,arcgis,2026-09-20T13:29:28+00:00
경기도 용인시 수지구 죽전동 97,37.3305518260835,127.1317840866425,arcgis,2026-09-20T13:29:29+00:00
경기도 용인시 수지구 죽전동 98,37.330904620388,127.132103143787,arcgis,2026-09-20T13:29:29+00:00
경기도 용인시 수지구 죽전동 99,37.330887688943506,127.132762254743,arcgis,2026-09-20T13:29:30+00:00
경기도 용인시 수지구 죽전동 산27-1,37.328444,127.1300396,openstreetmap,2026-09-20T11:11:19+00:00
경기도 용인시 수지구 풍덕천동 1014,37.323387415298996,127.090309717269,arcgis,2026-09-20T13:29:31+00:00
경기도 용인시 수지구 풍덕천동 1018,37.3222829109625,127.0887823249625,arcgis,2026-09-20T13:29:30+00:00
경기도 용인시 수지구 풍덕천동 1021,37.3216769203175,127.0872177170065,arcgis,2026-09-20T13:29:32+00:00
경기도 용인시 수지구 풍덕천동 1025,37.320153509415505,127.086026061832,arcgis,2026-09-20T13:29:33+00:00
경기도 용인시 수지구 풍덕천동 1027,37.319264378081996,127.08498481991,arcgis,2026-09-20T13:29:34+00:00
경기도 용인시 수지구 풍덕천동 1028,37.318602626826,127.08656904152,arcgis,2026-09-20T13:29:32+00:00
경기도 용인시 수지구 풍덕천동 1060,37.320715055019,127.090221916833,arcgis,2026-09-20T13:29:35+00:00
경기도 용인시 수지구 풍덕천동 1065,37.3217924438985,127.0916879955175,arcgis,2026-09-20T13:29:33+00:00
경기도 용인시 수지구 풍덕천동 1104,37.3195636748895,127.091662304984,arcgis,2026-09-20T13:29:34+00:00
경기도 용인시 수지구 풍덕천동 1112,37.3186329693155,127.0901532271365,arcgis,2026-09-20T13:29:35+00:00
경기도 용인시 수지구 풍덕천동 1167,37.3174127,127.0960316,openstreetmap,2026-09-20T11:11:19+00:00
경기도 용인시 수지구 풍덕천동 1168-2,37.3194457,127.1001028,openstreetmap,2026-09-20T11:11:19+00:00
경기도 용인시 수지구 풍덕천동 1180,37.3147724,127.0967661,openstreetmap,2026-09-20T11:11:19+00:00
경기도 용인시 수지구 풍덕천동 1183,37.3154106723685,127.0832975847105,arcgis,2026-09-20T13:29:36+00:00
경기도 용인시 수지구 풍덕천동 1186,37.314212248806996,127.08282304326201,arcgis,2026-09-20T13:29:36+00:00
경기도 용인시 수지구 풍덕천동 1191,37.31476369421701,127.09366495120051,arcgis,2026-09-20T13:29:37+00:00
경기도 용인시 수지구 풍덕천동 1195,37.3235961,127.1008375,openstreetmap,2026-09-20T11:11:19+00:00
경기도 용인시 수지구 풍덕천동 1198,37.3290821,127.1001585,openstreetmap,2026-09-20T11:11:19+00:00
경기도 용인시 수지구 풍덕천동 1209,37.315596799999994,127.0850717,openstreetmap,2026-09-20T11:11:19+00:00
경기도 용인시 수지구 풍덕천동 1223,37.3271271,127.0985013,openstreetmap,2026-09-20T11:11:19+00:00
경기도 용인시 수지구 풍덕천동 240-3,37.316333121767,127.0873793200995,arcgis,2026-09-20T13:29:37+00:00
경기도 용인시 수지구 풍덕천동 504-10,37.317082757277504,127.086852852761,arcgis,2026-09-20T13:29:38+00:00
경기도 용인시 수지구 풍덕천동 62-5,37.325770662784,127.099499342544,arcgis,2026-09-20T13:29:39+00:00
경기도 용인시 수지구 풍덕천동 663-1,37.3308203,127.0940777,openstreetmap,2026-09-20T11:11:19+00:00
경기도 용인시 수지구 풍덕천동 664,37.3415919,127.1003629,openstreetmap,2026-09-20T11:11:19+00:00
경기도 용인시 수지구 풍덕천동 690,37.3288616,127.0908401,openstreetmap,2026-09-20T11:11:19+00:00
경기도 용인시 수지구 풍덕천동 691,37.3279275,127.0927298,openstreetmap,2026-09-20T11:11:19+00:00
경기도 용인시 수지구 풍덕천동 692,37.3264669,127.0907577,openstreetmap,2026-09-20T11:11:19+00:00
경기도 용인시 수지구 풍덕천동 692-1,37.3272034,127.0912914,openstreetmap,2026-09-20T11:11:19+00:00
경기도 용인시 수지구 풍덕천동 693,37.3265323,127.0884968,juso.app,2026-09-20T13:20:00+00:00
경기도 용인시 수지구 풍덕천동 694,37.3266823,127.0862871,openstreetmap,2026-09-20T11:11:19+00:00
경기도 용인시 수지구 풍덕천동 698-2,37.3248092,127.0927606,openstreetmap,2026-09-20T11:11:19+00:00
경기도 용인시 수지구 풍덕천동 699,37.3236303,127.0937176,openstreetmap,2026-09-20T11:11:19+00:00
경기도 용인시 수지구 풍덕천동 700-1,37.3262393,127.0946516,openstreetmap,2026-09-20T11:11:19+00:00
경기도 용인시 수지구 풍덕천동 703,37.3255069,127.0980052,openstreetmap,2026-09-20T11:11:19+00:00
경기도 용인시 수지구 풍덕천동 82-9,37.324068088701,127.101836887701,arcgis,2026-09-20T13:29:38+00:00
